{
  "domainName": {
    "display_name": "Domain Name",
    "description": "Please enter your freshservice domain name",
    "type": "text",
    "modules": ["service_ticket"],
    "required": true
  },
  "apiKey": {
    "display_name": "API key",
    "description": "Freshservice API key for authentication",
    "secure": true,
    "type": "text",
    "required": true,
    "modules": ["service_ticket"]
  },
  "windowDuration": {
    "display_name": "Window Duration",
    "description": "The window duration (in minutes) within which similar tickets will be merged.",
    "type": "number",
    "events": [{ "change": "windowRangeChange" }],
    "required": true,
    "modules": ["service_ticket"]
  },
  "ticketFields": {
    "display_name": "Ticket fields",
    "description": "Choose one or more fields based on which tickets should be merged.",
    "type": "multiselect",
    "options": ["subject", "status", "group", "priority"],
    "default_value": [],
    "required": false,
    "modules": ["service_ticket"]
  },
  "requesterIds": {
    "display_name": "Requesters Ids",
    "description": "Please enter your requesters ids separated by comma(,) from which ticket needs to be merged. If left empty, all requesters are considered",
    "type": "text",
    "modules": ["service_ticket"]
  }
}
