{
  "domainName": {
    "display_name": "Domain Name",
    "description": "Please enter your freshservice domain name",
    "type": "domain",
    "type_attributes": {
      "product": "freshservice"
    },
    "required": true
  },
  "apiKey": {
    "display_name": "API key",
    "description": "Freshservice API key for authentication",
    "secure": true,
    "type": "api_key",
    "required": true,
    "type_attributes": {
      "product": "freshservice"
    }
  },
  "windowDuration": {
    "display_name": "Window Duration",
    "description": "The window duration (in minutes) within which similar tickets will be merged.",
    "type": "number",
    "events": [{ "change": "windowRangeChange" }],
    "required": true
  },
  "ticketFields": {
    "display_name": "Ticket fields",
    "description": "Choose one or more fields based on which tickets should be merged.",
    "type": "multiselect",
    "options": ["subject", "status", "group", "priority"],
    "default_value": [],
    "required": false
  }
}
