{
  "getAllTicketsByReqIdAPI": {
    "schema": {
      "method": "GET",
      "protocol": "https",
      "host": "<%= iparam.domainName %>.freshservice.com",
      "path": "/api/v2/tickets?requester_id=<%= context.requesterId %>",
      "headers": {
        "Authorization": "Basic <%= encode(iparam.apiKey) %>",
        "Content-Type": "application/json"
      }
    }
  },
  "getTicketDetailsAPI": {
    "schema": {
      "method": "GET",
      "protocol": "https",
      "host": "<%= iparam.domainName %>.freshservice.com",
      "path": "/api/v2/tickets/<%= context.ticketId %>",
      "headers": {
        "Authorization": "Basic <%= encode(iparam.apiKey) %>",
        "Content-Type": "application/json"
      }
    }
  },
  "updateTicketWithNoteAPI": {
    "schema": {
      "method": "POST",
      "protocol": "https",
      "host": "<%= iparam.domainName %>.freshservice.com",
      "path": "/api/v2/tickets/<%= context.ticketId %>/notes",
      "headers": {
        "Authorization": "Basic <%= encode(iparam.apiKey) %>",
        "Content-Type": "application/json"
      }
    }
  },
  "closeSecondaryTicketAPI": {
    "schema": {
      "method": "PUT",
      "protocol": "https",
      "host": "<%= iparam.domainName %>.freshservice.com",
      "path": "/api/v2/tickets/<%= context.ticketId %>",
      "headers": {
        "Authorization": "Basic <%= encode(iparam.apiKey) %>",
        "Content-Type": "application/json"
      },
      "query": {
        "bypass_mandatory": "true"
      }
    }
  }
}
